accuracy,precision,recall,f1,train_time_sec,avg_inference_ms
0.9896957206934174,0.9870250231696015,0.9932385171368617,0.990122022080186,54.628546953201294,0.14343364612451248
