accuracy,precision,recall,f1,train_time_sec,avg_inference_ms
0.9756334101103165,0.9862036156041865,0.9666588948472837,0.9763334510773578,0.022724151611328125,0.0003544630202571903
