accuracy,precision,recall,f1,train_time_sec,avg_inference_ms
0.9847254212631834,0.9857642940490081,0.9848449522033108,0.9853044086773968,32.20681619644165,0.022498921692508656
